phase,items,pass,fail,inconclusive,blocked,na,dominant_reason
Phase 0 — Test Governance & Baseline,21,18,0,1,1,1,EVIDENCE_COLLECTED
Phase 1 — Kernel Build & Installation,20,12,0,0,8,0,EVIDENCE_COLLECTED
Phase 2 — Linux Scheduler Integration,21,17,0,4,0,0,EVIDENCE_COLLECTED
Phase 3 — Hybrid Safety / Real-Time,13,5,0,5,3,0,EVIDENCE_COLLECTED
Phase 4 — Signal Bus,25,11,0,6,8,0,EVIDENCE_COLLECTED
Phase 5 — Signal Integrity & Fault Injection,18,6,0,2,10,0,EVIDENCE_COLLECTED
Phase 6 — Predictive Scheduling Engine,26,1,0,0,25,0,BLOCKED_PREDICTOR_NOT_IMPLEMENTED_IN_KERNEL
Phase 7 — Adaptive Response Function,21,8,0,4,9,0,BLOCKED_NO_APPROVED_HERD_WORKLOAD
Phase 8 — Coordination Index (S1/S2/S3/S4/Q),21,10,0,11,0,0,INCONCLUSIVE_POPULATION_OR_PREDICTOR_TELEMETRY_MISSING
Phase 9 — Feedback Controller,18,4,0,14,0,0,INCONCLUSIVE_NO_CAUSAL_CONTROLLER_RESPONSE
Phase 10 — Instrumentation & Observability,14,10,0,0,4,0,EVIDENCE_COLLECTED
Phase 11 — Performance Overhead,17,0,0,5,12,0,BLOCKED_MISSING_PERF_OR_DETAILED_TELEMETRY
Phase 12 — Workload Matrix,29,10,0,0,19,0,BLOCKED_MISSING_STRESS_OR_NETWORK_INFRASTRUCTURE
Phase 13 — Dynamic Workloads,12,2,0,0,10,0,BLOCKED_NO_DYNAMIC_WORKLOAD_HARNESS
Phase 14 — Stress Testing,33,2,0,0,31,0,BLOCKED_NOT_RUN_OR_THERMAL_INTENSITY_NOT_CONTROLLED
Phase 15 — Thundering-Herd / Synchronization,15,0,0,0,15,0,BLOCKED_NO_APPROVED_HERD_OR_ABLATION_HARNESS
Phase 16 — Fairness & Starvation,12,1,0,11,0,0,INCONCLUSIVE_NO_PER_TASK_FAIRNESS_PROTOCOL
Phase 17 — Migration,13,4,0,0,9,0,BLOCKED_SINGLE_SOCKET_OR_MISSING_PRESSURE_PROTOCOL
Phase 18 — Failure & Recovery,29,9,0,0,20,0,BLOCKED_NO_SAFE_FAULT_INJECTION_OR_MISSING_PREDICTOR
Phase 19 — Security / Integrity,14,4,0,10,0,0,INCONCLUSIVE_KERNEL_CRYPTO_NOT_IMPLEMENTED
Phase 20 — Multi-Core,6,4,0,2,0,0,EVIDENCE_COLLECTED
Phase 21 — NUMA,11,3,0,1,7,0,BLOCKED_SINGLE_NUMA_NODE
Phase 22 — Scalability,15,3,0,12,0,0,INCONCLUSIVE_SCALABILITY_METRICS_LIMITED
Phase 23 — Baseline & Ablation,10,3,0,0,7,0,BLOCKED_NO_IMPLEMENTED_ABLATION_OR_MISSING_SCHEDULER
Phase 24 — Statistical Validation,14,12,0,0,1,1,EVIDENCE_COLLECTED
Phase 25 — Reproducibility,15,9,0,0,5,1,EVIDENCE_COLLECTED
Phase 26 — Final Acceptance,56,9,0,3,44,0,BLOCKED_NOT_IMPLEMENTED_OR_MISSING_MEASUREMENT
Phase 27 — Power & Frequency Scaling,11,2,0,0,9,0,BLOCKED_GOVERNOR_OR_ENERGY_TEST_NOT_AVAILABLE
"Phase 28 — Containers, Cgroups & Virtualization",12,1,0,0,11,0,BLOCKED_CONTAINER_OR_CGROUP_TEST_NOT_RUN
Phase 29 — Kernel & Distro Compatibility,11,2,0,0,9,0,BLOCKED_MULTI_KERNEL_OR_MULTI_DISTRO_NOT_AVAILABLE
Phase 30 — Standard Tooling & Observability Compatibility,8,5,0,1,2,0,EVIDENCE_COLLECTED
"Phase 31 — Suspend, Resume & Hotplug Cycles",6,0,0,0,6,0,BLOCKED_REBOOT_OR_SUSPEND_NOT_AUTHORIZED
"Phase 32 — Upgrade, Rollback & Uninstall",7,0,0,0,7,0,BLOCKED_DESTRUCTIVE_UPGRADE_UNINSTALL_NOT_AUTHORIZED
Phase 33 — GPU Workloads & Interrupt Handling,5,0,0,1,4,0,BLOCKED_MISSING_GPU_OR_IRQ_WORKLOAD_INFRASTRUCTURE
Phase 34 — Fuzz Testing,5,0,0,0,5,0,BLOCKED_NO_APPROVED_FUZZ_HARNESS
Phase 35 — Release & Compliance,3,2,1,0,0,0,EVIDENCE_COLLECTED
