parameter_id,domain,parameter,orchestra_value,cfs_value_or_reference,evidence_class,measurement_or_boundary,source
ACTION_SET,control,Canonical action cardinality,"5: RUN|SLEEP|MIGRATE|THROTTLE|YIELD","No ORCHESTRA-specific action bridge in the CFS baseline protocol",KERNEL_PROTOTYPED / EXPERIMENTALLY_VALIDATED (bounded),"ACT recorded 81/81 assertions and separates requested accepted dispatched effective and fallback outcomes","kernel/sched_ext/include/orchestra_abi.h; data/runtime_action_matrix.csv"
SERVICE_BUDGET,policy,P20 background service budget,"10 ms per 1 s = 1.0% nominal budget; 4 foreground + 8 background workers; CPUs 0-7","Same paired CFS workload and placement, without the ORCHESTRA budget contract",EXPERIMENTALLY_VALIDATED (bounded),"20/20 wins; 74.2405% mean paired foreground reduction; 97.6851% lower background CPU ticks; background workers remained alive at the endpoint","data/photo_archival_pairs.csv; data/photo_archival_statistics.txt"
OWNERSHIP_GATE,verification,Task identity and admission,"Lifetime-stable (tgid, tid, start_boottime_ns); per-task bridge; BRIDGE_MAX_TASKS=4096","No corresponding ORCHESTRA ownership gate in the CFS baseline",KERNEL_PROTOTYPED / EXPERIMENTALLY_VALIDATED (bounded),"P20: 20/20 ownership gates; LOG5: 60/60 task-phase gates; FW3 summarized ORCHESTRA rows ownership=yes","kernel/sched_ext/include/orchestra_bridge_v1.h; data/photo_archival_pairs.csv; data/log_archival_pairs.csv; data/fixed_work_summary.csv"
SIGNAL_FRAME,integrity,Canonical authenticated signal image,"128-byte payload + 32-byte HMAC-SHA256 tag = 160 bytes; big-endian; fixed-point scale 1000; maximum age 5 s","No corresponding ORCHESTRA signal image in the CFS baseline protocol",USERSPACE_VALIDATED,"12/12 publication runs; 12000 successful publications; 27161 verified reads; kernel map remains local-trust","docs/adr/0002-userspace-signal-frame-contract.md; kernel/sched_ext/include/orchestra_bridge_v1.h; data/signal_microbenchmark_summary.json"
GENERATION_SAFETY,integrity,Schema and generation checks,"Signal schema 1; state schema 2; kernel ABI 8; control ABI 10; two-slot token (generation << 1) | active_slot; no generation reuse","No corresponding ORCHESTRA generation-stamped bridge in the CFS baseline",USERSPACE_VALIDATED / KERNEL_PROTOTYPED,"Duplicate sequence rejected; stale and invalid local checks retained; this does not establish kernel HMAC verification","docs/adr/0002-userspace-signal-frame-contract.md; docs/adr/0006-generation-stamped-signal-publication.md; data/kernel_integrity_matrix.txt"
RUNTIME_BOUNDS,kernel,Dispatch and defer guardrails,"slice min 0.1 ms; run default 5 ms; run max 100 ms; throttle max 1 s; sleep max 5 s; expiry and lease max 60 s","Host CFS snapshot: base_slice_ns=2.8 ms; migration_cost_ns=0.5 ms; nr_migrate=32; values are not semantically equivalent","KERNEL_PROTOTYPED / EXPLORATORY BASELINE","Source-defined ORCHESTRA bounds; action matrix demonstrates bounded paths, while tail-latency cost remains unmeasured","kernel/sched_ext/include/orchestra_bridge_v1.h; kernel/sched_ext/include/orchestra_kernel_v8.h; data/runtime_action_matrix.csv; host snapshot 2026-09-01T03:45:26+05:30"
COORDINATION_WINDOW,coordination,Window and mass-switch parameters,"10 ms default window; 2 ms mass-switch window; threshold 8; Q=(S1*S2*S3*S4)^(1/4); 2 window banks","No valid Q_CFS mapping is defined for the baseline protocol",KERNEL_PROTOTYPED / SPECIFIED,"Bounded coordination records and corrected metric contract exist; broad cross-system Q statistics are not claimed","kernel/sched_ext/include/orchestra_control_abi.h; docs/architecture/ORCHESTRA_OS_ARCHITECTURE.md; docs/adr/0005-burst-sensitive-temporal-stability.md"
CONTROLLER_TIMING,controller,Outer-controller cadence and scope,"100 ms default update period; 30 ms minimum hold; 200 ms cooldown; 200 ms evaluation; 11 named actuators","No ORCHESTRA outer-controller surface in the CFS baseline",KERNEL_PROTOTYPED / USERSPACE_VALIDATED,"Controller state and telemetry exist; full causal actuator response and rollback recovery remain open","kernel/sched_ext/include/orchestra_control_abi.h; kernel/sched_ext/include/orchestra_controller.h; data/implementation_matrix.csv"
POLICY_TABLE,policy,State and Q-table geometry,"State v2: 5 CPU buckets x 2 memory buckets x 3 thermal buckets = 30 states; 5 actions; 150 Q cells; 1200 bytes per worker; directive threshold 0.82","CFS baseline does not use this ORCHESTRA policy table",USERSPACE_VALIDATED,"State and metric mechanics are covered by unit/integration evidence; hardware policy generalization is not established","docs/adr/0001-userspace-state-metric-controller-contract.md; data/test_results.csv"
RT_BOUNDARY,safety,Adaptive real-time admission,"FIFO, RR, and DEADLINE adaptive admission refused; FIFO/RR coexistence probe passed; no hard-RT guarantee","Native Linux policy machinery remains the comparison baseline","EXPERIMENTALLY_VALIDATED (bounded); BLOCKED","DEADLINE contention launch was environment-blocked by EPERM; latency, starvation, and priority inversion were not established","data/rt_policy_matrix.txt; data/rt_contention_matrix.txt"
SOAK,stability,Scheduler-enabled soak envelope,"3 x 600 s CPU/I/O/mixed phases = 1800 s total; maximum sampled package temperature 87 C; zero errors and health delta; clean unload","CFS baseline is not used for the ORCHESTRA ownership claim","EXPERIMENTALLY_VALIDATED (bounded); BLOCKED","CPU/I/O/mixed phases passed exact ownership; memory phase remained blocked because child-worker ownership was not proven","data/longrun_results.csv; data/checklist_status.csv"
TOPOLOGY,deployment,Target topology and scope,"4 physical cores; 8 logical CPUs; 1 NUMA node; Linux 7.0.12+kali-amd64","CFS and ORCHESTRA were compared on the same host and kernel","EXPERIMENTALLY_VALIDATED (bounded),LIMITED","Same-node movement was observed; cross-node NUMA and distributed scheduling are outside this target's evidence","PROVENANCE.md; data/target_build_manifest.txt"
ARTIFACT_MATCH,reproducibility,Target-matched artifact identity,"BTF 96b223c8...; BPF object 24cc95f0...; bridge 7ab2e724...; loader d6b35436...; SCX API 70012","No BPF artifact build or attach is required for the CFS baseline","KERNEL_PROTOTYPED","Full SHA-256 values and source identity are retained in target_build_manifest.txt; result is one-kernel and one-build evidence","data/target_build_manifest.txt; kernel/sched_ext/include/orchestra_abi.h"
